s{,s撬,ꖼ
kC,Dys,Dy
kC,Dys,Dy
kC,bs,b
茧,ks,
茧,s,
{錧,s,q
{錧,s,
{錧,s,
{錧,oĎs,o
{錧,,Vc
Hc,Hcs,Hc
R`,R`s,R`
,Îᏼs,
錧,ˎs,
錧,ЂȂs,ЂȂ
錧,Js,J
Ȗ،,s,
Qn,Os,O
ʌ,܎s,
ʌ,s,w
ʌ,s,
ʌ,є\s,є\
ʌ,Vs,Ђ΂胖u
t,ts,t
t,ts,t
t,ss,s^
t,ss,s
t,Ds,Dz
t,؍XÎs,؍X
t,ˎs,
t,cs,c
t,s,
t,s,씐
t,s,
t,Rs,R
t,Ys,Y
s,c,䒃m
s,c,Ht
s,Vh,cn
s,Vh,Vh
s,cJ,k
s,aJ,aJ
s,,
s,,Ȃ
s,L,r
s,qs,q
s,s,
s,s,gˎ
s,zs,z
s,s,
_ސ쌧,ls,VH
_ސ쌧,ls,Óc
_ސ쌧,ls,l
_ސ쌧,ls,˕
_ސ쌧,s,
_ސ쌧,CVs,CV
V,Vs,V
ΐ쌧,s,
䌧,s,
R,b{s,b{
쌧,zKs,zK
쌧,Ks,K
쌧,ܖs,ܖ
򕌌,CÎs,C
É,ls,l
m,És,É
m,És,V
m,Ls,L
m,s,
m,Vs,V
m,qs,
m,厡,厡
Od,ɐs,ɐ
ꌧ,Îs,
s{,ss,s
s{,s,
{,s,{E~c
{,s,Ȃ
{,s,
{,s,{
{,s,{
{,s,
{,Ύs,
{,s,
{,s,
{,xcюs,xc
{,ʎs,݂̂
{,s,
{,s,Ȃ
Ɍ,_ˎs,
Ɍ,_ˎs,_
Ɍ,_ˎs,_
Ɍ,_ˎs,k_
Ɍ,PHs,PH
Ɍ,Ύs,
ޗǌ,ޗǎs,ޗ
ޗǌ,s,
a̎R,a̎Rs,a̎R
a̎R,cӎs,Ic
a̎R,V{s,F
挧,R,R
,g꒬,g
R,Rs,R 
L,Ls,
L,Ls,ܓs
L,Rs,R
R,s,
,s,
,ODs,OD
,s,
,s,
,vĎs,v
ꌧ,R,R
茧,s,
{茧,䒬,{
ꌧ,ߔes,ߔe
ꌧ,Xps,Xp
ꌧ,{Ós,{Ó
ꌧ,Î[,Î[
ʌ,,
茧,s,Tech Kids School
kC,َs,َs{͂Ė
t,َRs,ĂITwvfXNNPO@l[ITic
kC,s,PCJbW
Q,s,ebNvOXAgZ
